time_s,x_m,y_m,heading_deg,left_mps,right_mps
0.01,1.1249973632831038e-05,0.002999978906274719,0.21485917317405867,0.241875,0.35812499999999997
0.02,3.37497626959243e-05,0.005999894531670226,0.42971834634811734,0.241875,0.35812499999999997
0.03,6.749905078636686e-05,0.008999704689922476,0.644577519522176,0.241875,0.35812499999999997
0.04,0.00011249736330535113,0.011999367196250553,0.8594366926962347,0.241875,0.35812499999999997
0.05,0.00016874406746484883,0.014998839867949896,1.0742958658702932,0.241875,0.35812499999999997
0.060000000000000005,0.0002362383722965097,0.01799808052498549,1.289155039044352,0.241875,0.35812499999999997
0.07,0.0003149793286627842,0.020997046990585015,1.5040142122184108,0.241875,0.35812499999999997
0.08,0.0004049658292702712,0.023995697091831976,1.7188733853924694,0.241875,0.35812499999999997
0.09,0.0005061966086852887,0.02699398866025874,1.9337325585665281,0.241875,0.35812499999999997
0.09999999999999999,0.0006186702433516694,0.029991879532439536,2.1485917317405865,0.241875,0.35812499999999997
0.10999999999999999,0.0007423851516107794,0.032989327550583376,2.3634509049146453,0.241875,0.35812499999999997
0.11999999999999998,0.00087733959372376,0.0359862905631269,2.5783100780887036,0.241875,0.35812499999999997
0.12999999999999998,0.001023531671895993,0.038982726425327144,2.793169251262762,0.241875,0.35812499999999997
0.13999999999999999,0.0011809593303037883,0.04197859299985416,3.0080284244368207,0.241875,0.35812499999999997
0.15,0.0013496203551232938,0.04497384815738362,3.222887597610879,0.241875,0.35812499999999997
0.16,0.0015295123745616274,0.047968449777189226,3.437746770784938,0.241875,0.35812499999999997
0.17,0.0017206328588902304,0.05096235574773506,3.6526059439589966,0.241875,0.35812499999999997
0.18000000000000002,0.0019229791204804414,0.05395552396726775,3.8674651171330554,0.241875,0.35812499999999997
0.19000000000000003,0.0021365483138412913,0.056947912344408526,4.082324290307114,0.241875,0.35812499999999997
0.20000000000000004,0.0023613374356595183,0.05993947879874515,4.297183463481173,0.241875,0.35812499999999997
0.21000000000000005,0.002597343324841801,0.06293018126142366,4.512042636655232,0.241875,0.35812499999999997
0.22000000000000006,0.0028445626625592116,0.06591997767573995,4.726901809829291,0.241875,0.35812499999999997
0.23000000000000007,0.0031029919722938885,0.06890882599773122,4.94176098300335,0.241875,0.35812499999999997
0.24000000000000007,0.0033726276198879214,0.0718966841967672,5.156620156177409,0.241875,0.35812499999999997
0.25000000000000006,0.00365346581359446,0.0748835102561412,5.371479329351468,0.241875,0.35812499999999997
0.26000000000000006,0.003945502604131033,0.077869262173661,5.5863385025255266,0.241875,0.35812499999999997
0.2700000000000001,0.004248733884735087,0.08085389796223943,5.801197675699585,0.241875,0.35812499999999997
0.2800000000000001,0.004563155391221734,0.08383737565048492,6.016056848873644,0.241875,0.35812499999999997
0.2900000000000001,0.004888762702043722,0.08681965328329165,6.230916022047704,0.241875,0.35812499999999997
0.3000000000000001,0.005225551238353608,0.08980068892242954,6.445775195221763,0.241875,0.35812499999999997
0.3100000000000001,0.00557351626406815,0.09278044064713405,6.660634368395821,0.241875,0.35812499999999997
0.3200000000000001,0.005932652885934908,0.09575886655469565,6.87549354156988,0.241875,0.35812499999999997
0.3300000000000001,0.006302956053601056,0.0987359247610491,7.090352714743939,0.241875,0.35812499999999997
0.34000000000000014,0.0066844205596844,0.10171157340136243,7.305211887917998,0.241875,0.35812499999999997
0.35000000000000014,0.007077041039846611,0.10468577063062567,7.5200710610920565,0.241875,0.35812499999999997
0.36000000000000015,0.007480811972868657,0.10765847462423932,7.734930234266115,0.241875,0.35812499999999997
0.37000000000000016,0.007895727680728444,0.11062964357860243,7.949789407440175,0.241875,0.35812499999999997
0.38000000000000017,0.00832178232868067,0.11359923571170057,8.164648580614234,0.241875,0.35812499999999997
0.3900000000000002,0.008758969925338868,0.11656720926369328,8.379507753788292,0.241875,0.35812499999999997
0.4000000000000002,0.009207284322759666,0.1195335224975014,8.594366926962351,0.241875,0.35812499999999997
0.4100000000000002,0.009666719216529238,0.12249813369939398,8.80922610013641,0.241875,0.35812499999999997
0.4200000000000002,0.01013726814585196,0.12546100117957484,9.024085273310469,0.241875,0.35812499999999997
0.4300000000000002,0.01061892449364127,0.12842208327276886,9.238944446484528,0.241875,0.35812499999999997
0.4400000000000002,0.011111681486612714,0.13138133833880788,9.453803619658586,0.241875,0.35812499999999997
0.45000000000000023,0.011615532195379197,0.13433872476321634,9.668662792832645,0.241875,0.35812499999999997
0.46000000000000024,0.012130469534548431,0.13729420095779638,9.883521966006704,0.241875,0.35812499999999997
0.47000000000000025,0.01265648626282257,0.1402477253612127,10.098381139180763,0.241875,0.35812499999999997
0.48000000000000026,0.013193574983100044,0.14319925643957707,10.313240312354823,0.241875,0.35812499999999997
0.49000000000000027,0.013741728142579571,0.1461487526870323,10.528099485528882,0.241875,0.35812499999999997
0.5000000000000002,0.01430093803286638,0.14909617262633607,10.74295865870294,0.241875,0.35812499999999997
0.5100000000000002,0.014871196790080607,0.15204147480944402,10.957817831877,0.241875,0.35812499999999997
0.5200000000000002,0.015452496394967872,0.15498461781809275,11.172677005051058,0.241875,0.35812499999999997
0.5300000000000002,0.016044828673012063,0.1579255602643822,11.387536178225117,0.241875,0.35812499999999997
0.5400000000000003,0.016648185294550283,0.16086426079135768,11.602395351399176,0.241875,0.35812499999999997
0.5500000000000003,0.017262557774889983,0.16380067807359147,11.817254524573235,0.241875,0.35812499999999997
0.5600000000000003,0.01788793747442828,0.16673477081776392,12.032113697747294,0.241875,0.35812499999999997
0.5700000000000003,0.01852431559877346,0.16966649776324416,12.246972870921352,0.241875,0.35812499999999997
0.5800000000000003,0.019171683198868635,0.17259581768267035,12.461832044095411,0.241875,0.35812499999999997
0.5900000000000003,0.019830031171117597,0.17552268938252938,12.67669121726947,0.241875,0.35812499999999997
0.6000000000000003,0.020499350257512833,0.17844707170373622,12.891550390443529,0.241875,0.35812499999999997
0.6100000000000003,0.021179631045765722,0.18136892352221265,13.106409563617587,0.241875,0.35812499999999997
0.6200000000000003,0.02187086396943889,0.18428820374946564,13.321268736791646,0.241875,0.35812499999999997
0.6300000000000003,0.02257303930808074,0.1872048713331651,13.536127909965707,0.241875,0.35812499999999997
0.6400000000000003,0.023286147187362147,0.1901188852577212,13.750987083139766,0.241875,0.35812499999999997
0.6500000000000004,0.024010177579215305,0.19303020454486114,13.965846256313824,0.241875,0.35812499999999997
0.6600000000000004,0.02474512030197476,0.1959387882542054,14.180705429487883,0.241875,0.35812499999999997
0.6700000000000004,0.025490965020520586,0.19884459548384356,14.395564602661942,0.241875,0.35812499999999997
0.6800000000000004,0.02624770124642372,0.20174758537090928,14.610423775835999,0.241875,0.35812499999999997
0.6900000000000004,0.027015318338093456,0.20464771709215515,14.825282949010056,0.241875,0.35812499999999997
0.7000000000000004,0.027793805500927093,0.20754494986452662,15.040142122184113,0.241875,0.35812499999999997
0.7100000000000004,0.028583151787461732,0.21043924294573557,15.255001295358172,0.241875,0.35812499999999997
0.7200000000000004,0.029383346097528226,0.21333055563483325,15.469860468532229,0.241875,0.35812499999999997
0.7300000000000004,0.030194377178407276,0.2162188472727826,15.684719641706286,0.241875,0.35812499999999997
0.7400000000000004,0.031016233624987673,0.21910407724303008,15.899578814880343,0.241875,0.35812499999999997
0.7500000000000004,0.031848903879926685,0.22198620497207677,16.1144379880544,0.241875,0.35812499999999997
0.7600000000000005,0.03269237623381257,0.22486518993004898,16.329297161228457,0.241875,0.35812499999999997
0.7700000000000005,0.033546638825329246,0.22774099163126818,16.544156334402516,0.241875,0.35812499999999997
0.7800000000000005,0.0344116796414231,0.23061356963482033,16.75901550757657,0.241875,0.35812499999999997
0.7900000000000005,0.03528748651747192,0.2334828835451246,16.97387468075063,0.241875,0.35812499999999997
0.8000000000000005,0.036174047137455936,0.2363488930125014,17.18873385392469,0.241875,0.35812499999999997
0.8100000000000005,0.03707134903413104,0.23921155773373984,17.403593027098744,0.241875,0.35812499999999997
0.8200000000000005,0.0379793795892041,0.24207083745266447,17.618452200272802,0.241875,0.35812499999999997
0.8300000000000005,0.03889812603351041,0.24492669196070135,17.833311373446858,0.241875,0.35812499999999997
0.8400000000000005,0.03982757544719322,0.2477790810974435,18.048170546620916,0.241875,0.35812499999999997
0.8500000000000005,0.04076771475988547,0.25062796475121574,18.26302971979497,0.241875,0.35812499999999997
0.8600000000000005,0.04171853075089357,0.2534733028596386,18.47788889296903,0.241875,0.35812499999999997
0.8700000000000006,0.04268001004938332,0.2563150554101918,18.69274806614309,0.241875,0.35812499999999997
0.8800000000000006,0.043652139134567926,0.25915318244077695,18.907607239317144,0.241875,0.35812499999999997
0.8900000000000006,0.044634904335898146,0.26198764404027947,19.122466412491203,0.241875,0.35812499999999997
0.9000000000000006,0.045628291833254536,0.2648184003491298,19.33732558566526,0.241875,0.35812499999999997
0.9100000000000006,0.04663228765714178,0.267645411559864,19.552184758839317,0.241875,0.35812499999999997
0.9200000000000006,0.047646877688885154,0.27046863791768355,19.767043932013376,0.241875,0.35812499999999997
0.9300000000000006,0.048672047660829054,0.2732880397210143,19.98190310518743,0.241875,0.35812499999999997
0.9400000000000006,0.04970778315653764,0.2761035773220648,20.19676227836149,0.241875,0.35812499999999997
0.9500000000000006,0.050754069610997585,0.278915211127384,20.411621451535545,0.241875,0.35812499999999997
0.9600000000000006,0.05181089231082285,0.2817229015984178,20.626480624709604,0.241875,0.35812499999999997
0.9700000000000006,0.052878236394461646,0.28452660925206524,20.84133979788366,0.241875,0.35812499999999997
0.9800000000000006,0.05395608685240538,0.28732629466123366,21.056198971057718,0.241875,0.35812499999999997
0.9900000000000007,0.055044428527399755,0.2901219184553931,21.271058144231777,0.241875,0.35812499999999997
1.0000000000000007,0.056143246114657895,0.29291344132113,21.485917317405832,0.241875,0.35812499999999997
1.0100000000000007,0.05725252416207559,0.29570082400270015,21.70077649057989,0.241875,0.35812499999999997
1.0200000000000007,0.05837224707044858,0.29848402730258045,21.915635663753946,0.241875,0.35812499999999997
1.0300000000000007,0.05950239909369192,0.3012630120820204,22.130494836928005,0.241875,0.35812499999999997
1.0400000000000007,0.060642964339061405,0.30403773926159233,22.345354010102064,0.241875,0.35812499999999997
1.0500000000000007,0.061793926767377064,0.30680816982174103,22.56021318327612,0.241875,0.35812499999999997
1.0600000000000007,0.06295527019324872,0.30957426480333233,22.775072356450178,0.241875,0.35812499999999997
1.0700000000000007,0.06412697828530359,0.3123359853082012,22.989931529624233,0.241875,0.35812499999999997
1.0800000000000007,0.06530903456641593,0.31509329249969853,23.20479070279829,0.241875,0.35812499999999997
1.0900000000000007,0.06650142241393876,0.3178461476032374,23.41964987597235,0.241875,0.35812499999999997
1.1000000000000008,0.06770412505993764,0.3205945119068382,23.634509049146406,0.241875,0.35812499999999997
1.1100000000000008,0.06891712559142643,0.3233383467616733,23.849368222320464,0.241875,0.35812499999999997
1.1200000000000008,0.07014040695060514,0.3260776135826102,24.06422739549452,0.241875,0.35812499999999997
1.1300000000000008,0.07137395193509981,0.32881227384875444,24.27908656866858,0.241875,0.35812499999999997
1.1400000000000008,0.07261774319820444,0.33154228910399103,24.493945741842634,0.241875,0.35812499999999997
1.1500000000000008,0.07387176324912487,0.3342676209575255,24.708804915016692,0.241875,0.35812499999999997
1.1600000000000008,0.0751359944532248,0.3369882310844235,24.92366408819075,0.241875,0.35812499999999997
1.1700000000000008,0.07641041903227377,0.33970408122615,25.138523261364806,0.241875,0.35812499999999997
1.1800000000000008,0.07769501906469714,0.3424151331911071,25.353382434538865,0.241875,0.35812499999999997
1.1900000000000008,0.07898977648582811,0.34512134885517126,25.56824160771292,0.241875,0.35812499999999997
1.2000000000000008,0.0802946730881618,0.3478226901622293,25.78310078088698,0.241875,0.35812499999999997
1.2100000000000009,0.08160969052161123,0.35051911912471356,25.997959954061038,0.241875,0.35812499999999997
1.2200000000000009,0.08293481029376541,0.3532105978241363,26.212819127235093,0.241875,0.35812499999999997
1.2300000000000009,0.0842700137701494,0.3558970884116225,26.427678300409152,0.241875,0.35812499999999997
1.2400000000000009,0.08561528217448629,0.35857855310844267,26.642537473583207,0.241875,0.35812499999999997
1.2500000000000009,0.08697059658896134,0.36125495420654363,26.857396646757266,0.241875,0.35812499999999997
1.260000000000001,0.08833593795448791,0.3639262540690791,27.07225581993132,0.241875,0.35812499999999997
1.270000000000001,0.08971128707097556,0.36659241513093876,27.28711499310538,0.241875,0.35812499999999997
1.280000000000001,0.0910966245976,0.36925339989927664,27.50197416627944,0.241875,0.35812499999999997
1.290000000000001,0.0924919310530751,0.37190917095403825,27.716833339453494,0.241875,0.35812499999999997
1.300000000000001,0.09389718681592682,0.3745596909484869,27.931692512627553,0.241875,0.35812499999999997
1.310000000000001,0.09531237212476915,0.3772049226097289,28.146551685801608,0.241875,0.35812499999999997
1.320000000000001,0.096737467078582,0.3798448287392375,28.361410858975667,0.241875,0.35812499999999997
1.330000000000001,0.09817245163699106,0.3824793722133763,28.576270032149726,0.241875,0.35812499999999997
1.340000000000001,0.09961730562054966,0.38510851598392115,28.79112920532378,0.241875,0.35812499999999997
1.350000000000001,0.10107200871102243,0.38773222307858113,29.005988378497843,0.241875,0.35812499999999997
1.360000000000001,0.10253654045167114,0.3903504566015184,29.220847551671902,0.241875,0.35812499999999997
1.370000000000001,0.10401088024754233,0.3929631797338672,29.435706724845964,0.241875,0.35812499999999997
1.380000000000001,0.10549500736575693,0.39557035573425153,29.650565898020023,0.241875,0.35812499999999997
1.390000000000001,0.10698890093580177,0.3981719479393019,29.865425071194085,0.241875,0.35812499999999997
1.400000000000001,0.10849253994982316,0.4007679197641707,30.080284244368144,0.241875,0.35812499999999997
1.410000000000001,0.11000590326292224,0.403358234703047,30.295143417542207,0.241875,0.35812499999999997
1.420000000000001,0.11152896959345236,0.40594285632966964,30.510002590716265,0.241875,0.35812499999999997
1.430000000000001,0.11306171752331834,0.4085217482978396,30.724861763890328,0.241875,0.35812499999999997
1.440000000000001,0.11460412549827767,0.4110948743419311,30.939720937064386,0.241875,0.35812499999999997
1.450000000000001,0.11615617182824363,0.41366219827740147,31.154580110238445,0.241875,0.35812499999999997
1.460000000000001,0.11771783468759028,0.4162236840013002,31.369439283412508,0.241875,0.35812499999999997
1.470000000000001,0.1192890921154594,0.4187792954927766,31.584298456586566,0.241875,0.35812499999999997
1.480000000000001,0.1208699220160693,0.4213289968135861,31.79915762976063,0.241875,0.35812499999999997
1.490000000000001,0.12246030215902556,0.42387275210859593,32.01401680293469,0.241875,0.35812499999999997
1.500000000000001,0.12406021017963362,0.4264105256062891,32.228875976108746,0.241875,0.35812499999999997
1.5100000000000011,0.1256696235792133,0.42894228161926773,32.44373514928281,0.241875,0.35812499999999997
1.5200000000000011,0.1272885197254152,0.43146798454475455,32.65859432245687,0.241875,0.35812499999999997
1.5300000000000011,0.12891687585253894,0.4339875988650938,32.87345349563093,0.241875,0.35812499999999997
1.5400000000000011,0.13055466906185334,0.4365010891482506,33.08831266880499,0.241875,0.35812499999999997
1.5500000000000012,0.13220187632191835,0.43900842004830926,33.30317184197905,0.241875,0.35812499999999997
1.5600000000000012,0.13385847446890903,0.4415095563059704,33.51803101515311,0.241875,0.35812499999999997
1.5700000000000012,0.13552444020694124,0.44400446274904654,33.732890188327175,0.241875,0.35812499999999997
1.5800000000000012,0.13719975010839924,0.44649310429295697,33.94774936150123,0.241875,0.35812499999999997
1.5900000000000012,0.13888438061426517,0.44897544594122096,34.16260853467529,0.241875,0.35812499999999997
1.6000000000000012,0.14057830803445026,0.45145145278595,34.377467707849355,0.241875,0.35812499999999997
1.6100000000000012,0.14228150854812813,0.45392109000833863,34.59232688102342,0.241875,0.35812499999999997
1.6200000000000012,0.14399395820406957,0.45638432287915415,34.80718605419747,0.241875,0.35812499999999997
1.6300000000000012,0.14571563292097955,0.45884111675922484,35.022045227371535,0.241875,0.35812499999999997
1.6400000000000012,0.14744650848783575,0.4612914370999273,35.2369044005456,0.241875,0.35812499999999997
1.6500000000000012,0.149186560564229,0.4637352494436721,35.45176357371966,0.241875,0.35812499999999997
1.6600000000000013,0.15093576468070566,0.4661725194243885,35.666622746893715,0.241875,0.35812499999999997
1.6700000000000013,0.15269409623911168,0.4686032127680074,35.88148192006778,0.241875,0.35812499999999997
1.6800000000000013,0.15446153051293848,0.4710272952929439,36.09634109324184,0.241875,0.35812499999999997
1.6900000000000013,0.15623804264767072,0.4734447329105773,36.3112002664159,0.241875,0.35812499999999997
1.7000000000000013,0.1580236076611358,0.475855491625731,36.52605943958996,0.241875,0.35812499999999997
1.7100000000000013,0.1598182004438551,0.4782595375371503,36.74091861276402,0.241875,0.35812499999999997
1.7200000000000013,0.16162179575939722,0.48065683683797916,36.95577778593808,0.241875,0.35812499999999997
1.7300000000000013,0.16343436824473276,0.4830473558162357,37.17063695911214,0.241875,0.35812499999999997
1.7400000000000013,0.165255892410591,0.48543106085528615,37.3854961322862,0.241875,0.35812499999999997
1.7500000000000013,0.16708634264181838,0.4878079184343177,37.60035530546026,0.241875,0.35812499999999997
1.7600000000000013,0.16892569319773867,0.49017789512880977,37.815214478634324,0.241875,0.35812499999999997
1.7700000000000014,0.17077391821251503,0.4925409576110042,38.03007365180838,0.241875,0.35812499999999997
1.7800000000000014,0.1726309916955136,0.49489707265037375,38.24493282498244,0.241875,0.35812499999999997
1.7900000000000014,0.17449688753166917,0.49724620711408957,38.459791998156504,0.241875,0.35812499999999997
1.8000000000000014,0.17637157948185228,0.4995883279674869,38.67465117133057,0.241875,0.35812499999999997
1.8100000000000014,0.17825504118323826,0.5019234022745299,38.88951034450462,0.241875,0.35812499999999997
1.8200000000000014,0.18014724614967798,0.5042513971982746,39.104369517678684,0.241875,0.35812499999999997
1.8300000000000014,0.18204816777207028,0.5065722800013307,39.319228690852746,0.241875,0.35812499999999997
1.8400000000000014,0.1839577793187362,0.508886018046322,39.53408786402681,0.241875,0.35812499999999997
1.8500000000000014,0.1858760539357948,0.5111925787963455,39.748947037200864,0.241875,0.35812499999999997
1.8600000000000014,0.18780296464754087,0.5134919298154286,39.963806210374926,0.241875,0.35812499999999997
1.8700000000000014,0.18973848435682433,0.5157840387689854,40.17866538354899,0.241875,0.35812499999999997
1.8800000000000014,0.19168258584543116,0.5180688734242715,40.39352455672305,0.241875,0.35812499999999997
1.8900000000000015,0.1936352417744662,0.5203464016508375,40.608383729897106,0.241875,0.35812499999999997
1.9000000000000015,0.19559642468473762,0.5226165914209798,40.82324290307117,0.241875,0.35812499999999997
1.9100000000000015,0.19756610699714305,0.5248794108101925,41.03810207624523,0.241875,0.35812499999999997
1.9200000000000015,0.19954426101305747,0.5271348279976152,41.25296124941929,0.241875,0.35812499999999997
1.9300000000000015,0.2015308589147226,0.5293828112664808,41.46782042259335,0.241875,0.35812499999999997
1.9400000000000015,0.20352587276563822,0.5316233290045617,41.68267959576741,0.241875,0.35812499999999997
1.9500000000000015,0.2055292745109549,0.5338563497046139,41.89753876894147,0.241875,0.35812499999999997
1.9600000000000015,0.2075410359778686,0.5360818419648209,42.112397942115535,0.241875,0.35812499999999997
1.9700000000000015,0.20956112887601688,0.5382997744892343,42.32725711528959,0.241875,0.35812499999999997
1.9800000000000015,0.21158952479787663,0.5405101160882145,42.54211628846365,0.241875,0.35812499999999997
1.9900000000000015,0.21362619521916362,0.5427128356788694,42.756975461637715,0.241875,0.35812499999999997
2.0000000000000013,0.21567111149923363,0.5449079022854909,42.97183463481177,0.241875,0.35812499999999997
2.010000000000001,0.21772424488148515,0.547095285039991,43.18669380798583,0.241875,0.35812499999999997
2.020000000000001,0.21978556649376385,0.5492749531823359,43.401552981159895,0.241875,0.35812499999999997
2.0300000000000007,0.2218550473487685,0.551446876060978,43.61641215433396,0.241875,0.35812499999999997
2.0400000000000005,0.22393265834445872,0.5536110231332878,43.83127132750801,0.241875,0.35812499999999997
2.0500000000000003,0.22601837026446409,0.5557673639659828,44.046130500682075,0.241875,0.35812499999999997
2.06,0.2281121537784951,0.5579158682355555,44.26098967385614,0.241875,0.35812499999999997
2.07,0.23021397944275562,0.5600565057287,44.4758488470302,0.241875,0.35812499999999997
2.0799999999999996,0.23232381770035684,0.5621892463427368,44.690708020204255,0.241875,0.35812499999999997
2.0899999999999994,0.23444163888173308,0.5643140600860362,44.90556719337832,0.241875,0.35812499999999997
2.099999999999999,0.23656741320505884,0.5664309170784401,45.12042636655238,0.241875,0.35812499999999997
2.109999999999999,0.23870111077666775,0.5685397875516817,45.33528553972644,0.241875,0.35812499999999997
2.1199999999999988,0.24084270159147286,0.5706406418498048,45.5501447129005,0.241875,0.35812499999999997
2.1299999999999986,0.24299215553338863,0.5727334504295805,45.76500388607456,0.241875,0.35812499999999997
2.1399999999999983,0.24514944237575442,0.5748181838609225,45.97986305924862,0.241875,0.35812499999999997
2.149999999999998,0.24731453178175958,0.5768948128273015,46.194722232422684,0.241875,0.35812499999999997
2.159999999999998,0.24948739330487002,0.5789633081261567,46.40958140559674,0.241875,0.35812499999999997
2.1699999999999977,0.25166799638925635,0.5810236406693071,46.6244405787708,0.241875,0.35812499999999997
2.1799999999999975,0.25385631037022366,0.5830757814833604,46.839299751944864,0.241875,0.35812499999999997
2.1899999999999973,0.2560523044746426,0.58511970171012,47.05415892511893,0.241875,0.35812499999999997
2.199999999999997,0.25825594782138234,0.5871553726069915,47.26901809829298,0.241875,0.35812499999999997
2.209999999999997,0.2604672094217446,0.5891827655473865,47.483877271467044,0.241875,0.35812499999999997
2.2199999999999966,0.2626860581798996,0.5912018520211251,47.698736444641106,0.241875,0.35812499999999997
2.2299999999999964,0.26491246289332315,0.5932126036348371,47.91359561781517,0.241875,0.35812499999999997
2.239999999999996,0.2671463922532357,0.595214992112361,48.128454790989224,0.241875,0.35812499999999997
2.249999999999996,0.2693878148450425,0.5972089892951419,48.343313964163286,0.241875,0.35812499999999997
2.259999999999996,0.2716366991487752,0.5991945671426272,48.55817313733735,0.241875,0.35812499999999997
2.2699999999999956,0.27389301353953543,0.6011716977326612,48.773032310511404,0.241875,0.35812499999999997
2.2799999999999954,0.2761567262879392,0.6031403532618776,48.987891483685466,0.241875,0.35812499999999997
2.289999999999995,0.2784278055605633,0.6051005060460904,49.20275065685953,0.241875,0.35812499999999997
2.299999999999995,0.28070621942039287,0.6070521285206835,49.41760983003359,0.241875,0.35812499999999997
2.3099999999999947,0.28299193582727056,0.6089951932409978,49.632469003207646,0.241875,0.35812499999999997
2.3199999999999945,0.2852849226383471,0.6109296728827178,49.84732817638171,0.241875,0.35812499999999997
2.3299999999999943,0.2875851476085332,0.6128555402422554,50.06218734955577,0.241875,0.35812499999999997
2.339999999999994,0.28989257839095317,0.6147727682371327,50.27704652272983,0.241875,0.35812499999999997
2.349999999999994,0.2922071825373996,0.6166813299063624,50.49190569590389,0.241875,0.35812499999999997
2.3599999999999937,0.29452892749878984,0.6185811984108276,50.70676486907795,0.241875,0.35812499999999997
2.3699999999999934,0.2968577806256236,0.6204723470336588,50.92162404225201,0.241875,0.35812499999999997
2.3799999999999932,0.2991937091684423,0.6223547491806096,51.136483215426075,0.241875,0.35812499999999997
2.389999999999993,0.30153668027828917,0.6242283783804309,51.35134238860013,0.241875,0.35812499999999997
2.399999999999993,0.3038866610071716,0.6260932082852428,51.56620156177419,0.241875,0.35812499999999997
2.4099999999999926,0.30624361830852437,0.6279492126709058,51.781060734948255,0.241875,0.35812499999999997
2.4199999999999924,0.30860751903767425,0.6297963654373885,51.99591990812232,0.241875,0.35812499999999997
2.429999999999992,0.3109783299523062,0.6316346406091357,52.21077908129637,0.241875,0.35812499999999997
2.439999999999992,0.31335601771293076,0.633464012335433,52.425638254470435,0.241875,0.35812499999999997
2.4499999999999917,0.315740548883353,0.6352844548907708,52.6404974276445,0.241875,0.35812499999999997
2.4599999999999915,0.31813188993114266,0.6370959426752055,52.85535660081856,0.241875,0.35812499999999997
2.4699999999999913,0.32053000722810565,0.6388984502147201,53.070215773992615,0.241875,0.35812499999999997
2.479999999999991,0.32293486705075697,0.640691952161582,53.28507494716668,0.241875,0.35812499999999997
2.489999999999991,0.325346435580795,0.6424764232946997,53.49993412034074,0.241875,0.35812499999999997
2.4999999999999907,0.3277646789055771,0.6442518385199771,53.7147932935148,0.241875,0.35812499999999997
2.5099999999999905,0.3301895630185963,0.646018172870667,53.92965246668886,0.241875,0.35812499999999997
2.5199999999999902,0.33262105381995977,0.6477754015077216,54.14451163986292,0.241875,0.35812499999999997
2.52999999999999,0.3350591171168681,0.6495234997201423,54.35937081303698,0.241875,0.35812499999999997
2.53999999999999,0.3375037186240964,0.6512624429253268,54.57422998621104,0.241875,0.35812499999999997
2.5499999999999896,0.3399548239644763,0.6529922066694147,54.7890891593851,0.241875,0.35812499999999997
2.5599999999999894,0.3424123986693793,0.6547127666276321,55.00394833255916,0.241875,0.35812499999999997
2.569999999999989,0.3448764081792016,0.6564240986046328,55.218807505733224,0.241875,0.35812499999999997
2.579999999999989,0.34734681784385013,0.6581261785348391,55.43366667890728,0.241875,0.35812499999999997
2.5899999999999888,0.3498235929232296,0.6598189824827801,55.64852585208134,0.241875,0.35812499999999997
2.5999999999999885,0.3523066985877314,0.6615024866434281,55.863385025255404,0.241875,0.35812499999999997
2.6099999999999883,0.35479609991872296,0.6631766673425337,56.078244198429466,0.241875,0.35812499999999997
2.619999999999988,0.3572917619090391,0.6648415010369583,56.29310337160352,0.241875,0.35812499999999997
2.629999999999988,0.3597936494634742,0.6664969643150055,56.507962544777584,0.241875,0.35812499999999997
2.6399999999999877,0.36230172739927574,0.6681430338967502,56.722821717951646,0.241875,0.35812499999999997
2.6499999999999875,0.3648159604466391,0.6697796866343662,56.93768089112571,0.241875,0.35812499999999997
2.6599999999999873,0.3673363132492035,0.6714068995124511,57.152540064299764,0.241875,0.35812499999999997
2.669999999999987,0.3698627503645492,0.673024649648351,57.367399237473826,0.241875,0.35812499999999997
2.679999999999987,0.37239523626469584,0.6746329142924808,57.58225841064788,0.241875,0.35812499999999997
2.6899999999999866,0.37493373533660224,0.6762316708286459,57.79711758382194,0.241875,0.35812499999999997
2.6999999999999864,0.377478211882667,0.6778208967743585,58.01197675699599,0.241875,0.35812499999999997
2.709999999999986,0.38002863012123067,0.6794005697811552,58.22683593017004,0.241875,0.35812499999999997
2.719999999999986,0.3825849541870788,0.6809706676349101,58.441695103344095,0.241875,0.35812499999999997
2.7299999999999858,0.3851471481319462,0.6825311682561482,58.65655427651815,0.241875,0.35812499999999997
2.7399999999999856,0.38771517592502297,0.6840820497003552,58.871413449692206,0.241875,0.35812499999999997
2.7499999999999853,0.3902890014534604,0.6856232901582864,59.08627262286626,0.241875,0.35812499999999997
2.759999999999985,0.39286858852287954,0.6871548679562731,59.301131796040316,0.241875,0.35812499999999997
2.769999999999985,0.3954539008578796,0.6886767615565278,59.51599096921437,0.241875,0.35812499999999997
2.7799999999999847,0.3980449021025486,0.6901889495574469,59.73085014238842,0.241875,0.35812499999999997
2.7899999999999845,0.4006415558209742,0.6916914106939115,59.945709315562475,0.241875,0.35812499999999997
2.7999999999999843,0.4032438254977563,0.6931841238375867,60.16056848873653,0.241875,0.35812499999999997
2.809999999999984,0.40585167453852034,0.6946670679972184,60.375427661910585,0.241875,0.35812499999999997
2.819999999999984,0.4084650662704323,0.6961402223189289,60.59028683508464,0.241875,0.35812499999999997
2.8299999999999836,0.4110839639427139,0.6976035660865099,60.805146008258696,0.241875,0.35812499999999997
2.8399999999999834,0.41370833072715985,0.6990570787217135,61.020005181432744,0.241875,0.35812499999999997
2.849999999999983,0.41633812971865547,0.7005007397845425,61.2348643546068,0.241875,0.35812499999999997
2.859999999999983,0.4189733239356958,0.7019345289735369,61.449723527780854,0.241875,0.35812499999999997
2.869999999999983,0.4216138763209056,0.7033584261260598,61.66458270095491,0.241875,0.35812499999999997
2.8799999999999826,0.42425974974156044,0.704772411218581,61.879441874128965,0.241875,0.35812499999999997
2.8899999999999824,0.426910906990109,0.7061764643669585,62.09430104730302,0.241875,0.35812499999999997
2.899999999999982,0.42956731078469607,0.707570565826718,62.309160220477075,0.241875,0.35812499999999997
2.909999999999982,0.4322289237696871,0.7089546959933306,62.52401939365112,0.241875,0.35812499999999997
2.9199999999999817,0.43489570851619336,0.7103288354024887,62.73887856682518,0.241875,0.35812499999999997
2.9299999999999815,0.4375676275225983,0.7116929647303796,62.953737739999234,0.241875,0.35812499999999997
2.9399999999999813,0.44024464321508494,0.713047064793957,63.16859691317329,0.241875,0.35812499999999997
2.949999999999981,0.4429267179481642,0.714391116551211,63.383456086347344,0.241875,0.35812499999999997
2.959999999999981,0.44561381400520433,0.7157251011014362,63.5983152595214,0.241875,0.35812499999999997
2.9699999999999807,0.44830589359896134,0.7170489996854965,63.81317443269545,0.241875,0.35812499999999997
2.9799999999999804,0.4510029188721103,0.7183627936860901,64.02803360586951,0.241875,0.35812499999999997
2.9899999999999802,0.45370485189777776,0.7196664646280105,64.24289277904356,0.241875,0.35812499999999997
2.99999999999998,0.45641165468007505,0.7209599941784065,64.45775195221762,0.241875,0.35812499999999997
3.00999999999998,0.4591232891546327,0.7222433641470402,64.67261112539167,0.241875,0.35812499999999997
3.0199999999999796,0.4618397171891355,0.7235165564865423,64.88747029856572,0.241875,0.35812499999999997
3.0299999999999794,0.46456090058385907,0.7247795532926669,65.10232947173978,0.241875,0.35812499999999997
3.039999999999979,0.4672868010722067,0.7260323368045419,65.31718864491383,0.241875,0.35812499999999997
3.049999999999979,0.47001738032124774,0.72727488940492,65.53204781808789,0.241875,0.35812499999999997
3.0599999999999787,0.4727525999322565,0.7285071936204257,65.74690699126194,0.241875,0.35812499999999997
3.0699999999999785,0.47549242144125226,0.7297292321218013,65.96176616443599,0.241875,0.35812499999999997
3.0799999999999783,0.4782368063195402,0.7309409877241504,66.17662533761005,0.241875,0.35812499999999997
3.089999999999978,0.4809857159742532,0.7321424433871799,66.3914845107841,0.241875,0.35812499999999997
3.099999999999978,0.48373911174889456,0.7333335822154393,66.60634368395816,0.241875,0.35812499999999997
3.1099999999999777,0.4864969549238815,0.7345143874585585,66.8212028571322,0.241875,0.35812499999999997
3.1199999999999775,0.4892592067170899,0.7356848425114831,67.03606203030627,0.241875,0.35812499999999997
3.1299999999999772,0.4920258282843994,0.7368449309147085,67.25092120348032,0.241875,0.35812499999999997
3.139999999999977,0.4947967807202398,0.7379946363545103,67.46578037665437,0.241875,0.35812499999999997
3.149999999999977,0.4975720250581382,0.739133942663175,67.68063954982843,0.241875,0.35812499999999997
3.1599999999999766,0.5003515222712668,0.7402628338192262,67.89549872300248,0.241875,0.35812499999999997
3.1699999999999764,0.5031352332729918,0.7413812939476506,68.11035789617654,0.241875,0.35812499999999997
3.179999999999976,0.5059231189174231,0.7424893073201212,68.32521706935059,0.241875,0.35812499999999997
3.189999999999976,0.5087151399999649,0.7435868583552182,68.54007624252465,0.241875,0.35812499999999997
3.1999999999999758,0.5115112572578665,0.7446739316186483,68.7549354156987,0.241875,0.35812499999999997
3.2099999999999755,0.5143114313707753,0.7457505118234614,68.96979458887274,0.241875,0.35812499999999997
3.2199999999999753,0.5171156229612888,0.7468165838302664,69.1846537620468,0.241875,0.35812499999999997
3.229999999999975,0.519923792595509,0.7478721326474431,69.39951293522086,0.241875,0.35812499999999997
3.239999999999975,0.5227359007835968,0.7489171434313537,69.61437210839492,0.241875,0.35812499999999997
3.2499999999999747,0.525551907980327,0.7499516014865514,69.82923128156897,0.241875,0.35812499999999997
3.2599999999999745,0.528371774585645,0.7509754922659867,70.04409045474301,0.241875,0.35812499999999997
3.2699999999999743,0.531195460945223,0.7519888013712124,70.25894962791708,0.241875,0.35812499999999997
3.279999999999974,0.5340229273510181,0.7529915145525858,70.47380880109112,0.241875,0.35812499999999997
3.289999999999974,0.5368541340418306,0.7539836177094695,70.68866797426519,0.241875,0.35812499999999997
3.2999999999999736,0.539689041203863,0.7549650968904292,70.90352714743923,0.241875,0.35812499999999997
3.3099999999999734,0.54252760897128,0.7559359382934301,71.1183863206133,0.241875,0.35812499999999997
3.319999999999973,0.5453697974267694,0.7568961282660308,71.33324549378735,0.241875,0.35812499999999997
3.329999999999973,0.5482155666021027,0.7578456533055757,71.5481046669614,0.241875,0.35812499999999997
3.3399999999999728,0.5510648764786977,0.7587845000593847,71.76296384013546,0.241875,0.35812499999999997
3.3499999999999726,0.5539176869881814,0.7597126553249407,71.9778230133095,0.241875,0.35812499999999997
3.3599999999999723,0.556773958012953,0.7606301060500755,72.19268218648357,0.241875,0.35812499999999997
3.369999999999972,0.5596336493867482,0.7615368393331536,72.40754135965761,0.241875,0.35812499999999997
3.379999999999972,0.5624967208952042,0.762432842423253,72.62240053283168,0.241875,0.35812499999999997
3.3899999999999717,0.5653631322764251,0.7633181027203451,72.83725970600572,0.241875,0.35812499999999997
3.3999999999999715,0.5682328432215481,0.7641926077754714,73.05211887917977,0.241875,0.35812499999999997
3.4099999999999713,0.5711058133753103,0.765056345290919,73.26697805235383,0.241875,0.35812499999999997
3.419999999999971,0.5739820023366162,0.7659093031203935,73.48183722552788,0.241875,0.35812499999999997
3.429999999999971,0.5768613696591061,0.7667514692691894,73.69669639870195,0.241875,0.35812499999999997
3.4399999999999706,0.5797438748517243,0.767582831894359,73.911555571876,0.241875,0.35812499999999997
3.4499999999999704,0.5826294773792892,0.7684033793048793,74.12641474505006,0.241875,0.35812499999999997
3.45999999999997,0.5855181366630626,0.7692130999618157,74.3412739182241,0.241875,0.35812499999999997
3.46999999999997,0.5884098120813211,0.7700119824784849,74.55613309139815,0.241875,0.35812499999999997
3.47999999999997,0.5913044629699268,0.7708000156206145,74.77099226457221,0.241875,0.35812499999999997
3.4899999999999696,0.594202048622899,0.7715771883065016,74.98585143774626,0.241875,0.35812499999999997
3.4999999999999694,0.5971025282929876,0.772343489607168,75.20071061092032,0.241875,0.35812499999999997
3.509999999999969,0.6000058611922447,0.7730989087465144,75.41556978409437,0.241875,0.35812499999999997
3.519999999999969,0.6029120064925996,0.7738434351014716,75.63042895726842,0.241875,0.35812499999999997
3.5299999999999687,0.6058209233264316,0.7745770582021498,75.84528813044248,0.241875,0.35812499999999997
3.5399999999999685,0.6087325707871457,0.7752997677319865,76.06014730361653,0.241875,0.35812499999999997
3.5499999999999683,0.6116469079297476,0.7760115535278906,76.2750064767906,0.241875,0.35812499999999997
3.559999999999968,0.6145638937714192,0.7767124055803863,76.48986564996464,0.241875,0.35812499999999997
3.569999999999968,0.6174834872920951,0.7774023140337532,76.7047248231387,0.241875,0.35812499999999997
3.5799999999999677,0.6204056474350397,0.7780812691861647,76.91958399631275,0.241875,0.35812499999999997
3.5899999999999674,0.623330333107424,0.7787492614898255,77.1344431694868,0.241875,0.35812499999999997
3.5999999999999672,0.626257503180904,0.7794062815511046,77.34930234266086,0.241875,0.35812499999999997
3.609999999999967,0.6291871164921987,0.7800523201306684,77.56416151583491,0.241875,0.35812499999999997
3.619999999999967,0.6321191318436693,0.7806873681436098,77.77902068900897,0.241875,0.35812499999999997
3.6299999999999666,0.6350535080038981,0.7813114166595768,77.99387986218302,0.241875,0.35812499999999997
3.6399999999999664,0.6379902037082689,0.7819244569028974,78.20873903535708,0.241875,0.35812499999999997
3.649999999999966,0.6409291776595465,0.7825264802527032,78.42359820853113,0.241875,0.35812499999999997
3.659999999999966,0.6438703885284583,0.7831174782430508,78.63845738170518,0.241875,0.35812499999999997
3.6699999999999657,0.6468137949542749,0.7836974425630407,78.85331655487924,0.241875,0.35812499999999997
3.6799999999999655,0.649759355545392,0.7842663650569343,79.06817572805329,0.241875,0.35812499999999997
3.6899999999999653,0.6527070288799123,0.7848242377242682,79.28303490122735,0.241875,0.35812499999999997
3.699999999999965,0.655656773506228,0.7853710527199674,79.4978940744014,0.241875,0.35812499999999997
3.709999999999965,0.658608547943604,0.785906802354455,79.71275324757546,0.241875,0.35812499999999997
3.7199999999999647,0.661562310682761,0.7864314790937604,79.92761242074951,0.241875,0.35812499999999997
3.7299999999999645,0.6645180201864589,0.7869450755596258,80.14247159392356,0.241875,0.35812499999999997
3.7399999999999642,0.6674756348900818,0.7874475845296093,80.35733076709762,0.241875,0.35812499999999997
3.749999999999964,0.6704351132022215,0.7879389989371868,80.57218994027167,0.241875,0.35812499999999997
3.759999999999964,0.673396413505263,0.7884193118718513,80.78704911344573,0.241875,0.35812499999999997
3.7699999999999636,0.6763594941559697,0.7888885165792101,81.00190828661978,0.241875,0.35812499999999997
3.7799999999999634,0.6793243134860687,0.7893466064610797,81.21676745979383,0.241875,0.35812499999999997
3.789999999999963,0.6822908298028371,0.7897935750755787,81.43162663296789,0.241875,0.35812499999999997
3.799999999999963,0.685259001389688,0.7902294161372182,81.64648580614194,0.241875,0.35812499999999997
3.8099999999999627,0.6882287865067573,0.7906541235169906,81.861344979316,0.241875,0.35812499999999997
3.8199999999999625,0.6912001433914909,0.7910676912424554,82.07620415249005,0.241875,0.35812499999999997
3.8299999999999623,0.6941730302592316,0.7914701134978231,82.29106332566411,0.241875,0.35812499999999997
3.839999999999962,0.6971474053038067,0.7918613846240377,82.50592249883816,0.241875,0.35812499999999997
3.849999999999962,0.7001232266981161,0.792241499118855,82.72078167201221,0.241875,0.35812499999999997
3.8599999999999617,0.7031004525947206,0.7926104516369215,82.93564084518627,0.241875,0.35812499999999997
3.8699999999999615,0.70607904112643,0.7929682369898483,83.15050001836032,0.241875,0.35812499999999997
3.8799999999999613,0.7090589504068923,0.7933148501462849,83.36535919153438,0.241875,0.35812499999999997
3.889999999999961,0.7120401385311822,0.7936502862319894,83.58021836470843,0.241875,0.35812499999999997
3.899999999999961,0.7150225635763909,0.7939745405298975,83.79507753788249,0.241875,0.35812499999999997
3.9099999999999606,0.7180061836022154,0.7942876084801883,84.00993671105654,0.241875,0.35812499999999997
3.9199999999999604,0.7209909566515481,0.7945894856803492,84.22479588423059,0.241875,0.35812499999999997
3.92999999999996,0.7239768407510673,0.7948801678852367,84.43965505740465,0.241875,0.35812499999999997
3.93999999999996,0.726963793911827,0.7951596510071374,84.6545142305787,0.241875,0.35812499999999997
3.9499999999999598,0.7299517741298477,0.7954279311158242,84.86937340375276,0.241875,0.35812499999999997
3.9599999999999596,0.7329407393867068,0.7956850044386128,85.08423257692681,0.241875,0.35812499999999997
3.9699999999999593,0.7359306476501295,0.7959308673604136,85.29909175010087,0.241875,0.35812499999999997
3.979999999999959,0.7389214568745802,0.7961655164237834,85.51395092327492,0.241875,0.35812499999999997
3.989999999999959,0.7419131250018536,0.7963889483289737,85.72881009644897,0.241875,0.35812499999999997
3.9999999999999587,0.7449056099616658,0.7966011599339768,85.94366926962303,0.241875,0.35812499999999997
4.009999999999959,0.7478988696722464,0.7968021482545707,86.15852844279708,0.241875,0.35812499999999997
4.019999999999959,0.75089286204093,0.7969919104643604,86.37338761597114,0.241875,0.35812499999999997
4.0299999999999585,0.7538875449647483,0.7971704438948178,86.58824678914519,0.241875,0.35812499999999997
4.039999999999958,0.756882876331022,0.7973377460353197,86.80310596231924,0.241875,0.35812499999999997
4.049999999999958,0.7598788140179532,0.7974938145331824,87.0179651354933,0.241875,0.35812499999999997
4.059999999999958,0.7628753158952175,0.7976386471936951,87.23282430866735,0.241875,0.35812499999999997
4.069999999999958,0.7658723398245567,0.7977722419801512,87.44768348184141,0.241875,0.35812499999999997
4.079999999999957,0.7688698436603711,0.797894597013876,87.66254265501546,0.241875,0.35812499999999997
4.089999999999957,0.7718677852503125,0.7980057105742538,87.87740182818952,0.241875,0.35812499999999997
4.099999999999957,0.7748661224358766,0.7981055810987523,88.09226100136357,0.241875,0.35812499999999997
4.109999999999957,0.7778648130529962,0.7981942071829435,88.30712017453762,0.241875,0.35812499999999997
4.119999999999957,0.7808638149326338,0.7982715875805249,88.52197934771168,0.241875,0.35812499999999997
4.129999999999956,0.783863085901375,0.7983377212033357,88.73683852088573,0.241875,0.35812499999999997
4.139999999999956,0.7868625837820212,0.7983926071213729,88.95169769405979,0.241875,0.35812499999999997
4.149999999999956,0.7898622663941829,0.7984362445628044,89.16655686723384,0.241875,0.35812499999999997
4.159999999999956,0.7928620915548727,0.7984686329139792,89.3814160404079,0.241875,0.35812499999999997
4.1699999999999555,0.795862017079099,0.7984897717194367,89.59627521358195,0.241875,0.35812499999999997
4.179999999999955,0.7988620007804582,0.7984996606819128,89.811134386756,0.241875,0.35812499999999997
4.188790204786391,0.801499062216389,0.7984996606819128,90.00000000000043,0.241875,0.35812499999999997
