slope_deg,longitudinal_accel_mps2,speed_mps,turn_radius_m,yaw_rate_radps,lateral_accel_mps2,required_uphill_force_n,motor_torque_each_nm,continuous_torque_safety_factor,traction_safety_factor,resultant_lean_deg,inner_wheel_speed_mps,outer_wheel_speed_mps,head_combined_load_n,magnetic_retention_safety_factor,pass,check_continuous_torque,check_wheel_shell_traction,check_resultant_lean,check_wheel_speed,check_magnetic_head_combined_shock
0.0,0.0,0.3,0.8,0.37499999999999994,0.11249999999999998,2.4898103684999993,0.08299367894999998,7.2294662387658875,44.98334548565442,0.6572573159839094,0.241875,0.35812499999999997,17.190680617788097,2.326842135535338,True,True,True,True,True,True
0.0,0.1,0.3,0.8,0.37499999999999994,0.11249999999999998,3.416110368499999,0.11387034561666663,5.269150600629959,32.7858259594753,0.8793502068695278,0.241875,0.35812499999999997,17.190680617788097,2.326842135535338,True,True,True,True,True,True
0.0,0.2,0.3,0.8,0.37499999999999994,0.11249999999999998,4.3424103684999995,0.14474701228333334,4.145163278572804,25.79212706667523,1.3404409159260713,0.241875,0.35812499999999997,17.190680617788097,2.326842135535338,True,True,True,True,True,True
0.0,0.3,0.3,0.8,0.37499999999999994,0.11249999999999998,5.268710368499999,0.17562367895,3.416395804866494,21.25757389694708,1.871286127736697,0.241875,0.35812499999999997,17.190680617788097,2.326842135535338,True,True,True,True,True,True
0.0,0.4,0.3,0.8,0.37499999999999994,0.11249999999999998,6.195010368499999,0.20650034561666666,2.905564144254749,18.079065786473997,2.4262380657434073,0.241875,0.35812499999999997,17.190680617788097,2.326842135535338,True,True,True,True,True,True
0.0,0.5,0.3,0.8,0.37499999999999994,0.11249999999999998,7.1213103685,0.23737701228333336,2.527624702276729,15.727442591944095,2.9915820483992372,0.241875,0.35812499999999997,17.190680617788097,2.326842135535338,True,True,True,True,True,True
0.0,0.6,0.3,0.8,0.37499999999999994,0.11249999999999998,8.047610368499999,0.26825367894999996,2.236688802735244,13.917174772574853,3.5620182769537982,0.241875,0.35812499999999997,17.190680617788097,2.326842135535338,True,True,True,True,True,True
0.0,0.7,0.3,0.8,0.37499999999999994,0.11249999999999998,8.973910368499999,0.2991303456166666,2.0058145513892316,12.480623875310775,4.135067111417332,0.241875,0.35812499999999997,17.190680617788097,2.326842135535338,True,True,True,True,True,True
0.5,0.0,0.3,0.8,0.37499999999999994,0.11249999999999998,3.2139628496481967,0.10713209498827324,5.600562558453435,34.847944808154715,0.8258185111517139,0.241875,0.35812499999999997,17.190680617788097,2.326842135535338,True,True,True,True,True,True
0.5,0.1,0.3,0.8,0.37499999999999994,0.11249999999999998,4.140262849648197,0.13800876165493992,4.3475500599024715,27.05142259494872,1.267760437490282,0.241875,0.35812499999999997,17.190680617788097,2.326842135535338,True,True,True,True,True,True
0.5,0.2,0.3,0.8,0.37499999999999994,0.11249999999999998,5.0665628496481965,0.16888542832160658,3.5527043745741453,22.105716108461355,1.792783062438659,0.241875,0.35812499999999997,17.190680617788097,2.326842135535338,True,True,True,True,True,True
0.5,0.3,0.3,0.8,0.37499999999999994,0.11249999999999998,5.992862849648196,0.19976209498827321,3.003572825140937,18.68889757865472,2.345464907658859,0.241875,0.35812499999999997,17.190680617788097,2.326842135535338,True,True,True,True,True,True
0.5,0.4,0.3,0.8,0.37499999999999994,0.11249999999999998,6.919162849648196,0.23063876165493988,2.6014707835522626,16.186929319880747,2.9097635101910315,0.241875,0.35812499999999997,17.190680617788097,2.326842135535338,True,True,True,True,True,True
0.5,0.5,0.3,0.8,0.37499999999999994,0.11249999999999998,7.845462849648197,0.26151542832160657,2.294319703624261,14.275767044773179,3.4796797663218353,0.241875,0.35812499999999997,17.190680617788097,2.326842135535338,True,True,True,True,True,True
0.5,0.6,0.3,0.8,0.37499999999999994,0.11249999999999998,8.771762849648196,0.29239209498827323,2.0520390608510253,12.76824304529527,4.05247364723351,0.241875,0.35812499999999997,17.190680617788097,2.326842135535338,True,True,True,True,True,True
0.5,0.7,0.3,0.8,0.37499999999999994,0.11249999999999998,9.698062849648196,0.3232687616549399,1.8560407659817302,11.548698099441879,4.626692927346014,0.241875,0.35812499999999997,17.190680617788097,2.326842135535338,False,False,True,True,True,True
1.0,0.0,0.3,0.8,0.37499999999999994,0.11249999999999998,3.93787057508203,0.13126235250273435,4.570998375086271,28.441767667203464,1.1966383390699664,0.241875,0.35812499999999997,17.190680617788097,2.326842135535338,True,True,True,True,True,True
1.0,0.1,0.3,0.8,0.37499999999999994,0.11249999999999998,4.8641705750820305,0.16213901916940102,3.700528121322399,23.025508310450483,1.7148950714333886,0.241875,0.35812499999999997,17.190680617788097,2.326842135535338,True,True,True,True,True,True
1.0,0.2,0.3,0.8,0.37499999999999994,0.11249999999999998,5.790470575082031,0.1930156858360677,3.1085556461436643,19.342124020449468,2.2650494775692547,0.241875,0.35812499999999997,17.190680617788097,2.326842135535338,True,True,True,True,True,True
1.0,0.3,0.3,0.8,0.37499999999999994,0.11249999999999998,6.71677057508203,0.22389235250273437,2.6798592863625044,16.674680004033362,2.8282289538142846,0.241875,0.35812499999999997,17.190680617788097,2.326842135535338,True,True,True,True,True,True
1.0,0.4,0.3,0.8,0.37499999999999994,0.11249999999999998,7.64307057508203,0.25476901916940103,2.355074419786685,14.653796389783821,3.39761383834962,0.241875,0.35812499999999997,17.190680617788097,2.326842135535338,True,True,True,True,True,True
1.0,0.5,0.3,0.8,0.37499999999999994,0.11249999999999998,8.569370575082031,0.28564568583606775,2.1005043301943664,13.069804721209396,3.9701666968368667,0.241875,0.35812499999999997,17.190680617788097,2.326842135535338,True,True,True,True,True,True
1.0,0.6,0.3,0.8,0.37499999999999994,0.11249999999999998,9.49567057508203,0.31652235250273436,1.8956007222106588,11.794848938199655,4.544308149788688,0.241875,0.35812499999999997,17.190680617788097,2.326842135535338,False,False,True,True,True,True
1.0,0.7,0.3,0.8,0.37499999999999994,0.11249999999999998,10.42197057508203,0.347399019169401,1.7271205930130273,10.746528134303283,5.119111932474829,0.241875,0.35812499999999997,17.190680617788097,2.326842135535338,False,False,True,True,True,True
1.5,0.0,0.3,0.8,0.37499999999999994,0.11249999999999998,4.661478416425485,0.1553826138808495,3.861435877633594,24.02671212749792,1.6376472394639348,0.241875,0.35812499999999997,17.190680617788097,2.326842135535338,True,True,True,True,True,True
1.5,0.1,0.3,0.8,0.37499999999999994,0.11249999999999998,5.587778416425485,0.1862592805475162,3.221315996906448,20.043743980751238,2.1849643651147823,0.241875,0.35812499999999997,17.190680617788097,2.326842135535338,True,True,True,True,True,True
1.5,0.2,0.3,0.8,0.37499999999999994,0.11249999999999998,6.514078416425486,0.2171359472141829,2.763245826855928,17.193529589325777,2.74693467649153,0.241875,0.35812499999999997,17.190680617788097,2.326842135535338,True,True,True,True,True,True
1.5,0.3,0.3,0.8,0.37499999999999994,0.11249999999999998,7.440378416425485,0.24801261388084953,2.419231790719534,15.052997808921548,3.3157705976666874,0.241875,0.35812499999999997,17.190680617788097,2.326842135535338,True,True,True,True,True,True
1.5,0.4,0.3,0.8,0.37499999999999994,0.11249999999999998,8.366678416425486,0.2788892805475162,2.1513914009964035,13.386435383977624,3.8880936608891195,0.241875,0.35812499999999997,17.190680617788097,2.326842135535338,True,True,True,True,True,True
1.5,0.5,0.3,0.8,0.37499999999999994,0.11249999999999998,9.292978416425486,0.3097659472141829,1.9369462828176502,12.052110204198714,4.462181644548044,0.241875,0.35812499999999997,17.190680617788097,2.326842135535338,False,False,True,True,True,True
1.5,0.6,0.3,0.8,0.37499999999999994,0.11249999999999998,10.219278416425485,0.3406426138808495,1.761376808275282,10.959677918157311,5.037040326387305,0.241875,0.35812499999999997,17.190680617788097,2.326842135535338,False,False,True,True,True,True
1.5,0.7,0.3,0.8,0.37499999999999994,0.11249999999999998,11.145578416425485,0.3715192805475162,1.6149902075493003,10.048827958084537,5.612034852261004,0.241875,0.35812499999999997,17.190680617788097,2.326842135535338,False,False,True,True,True,True
2.0,0.0,0.3,0.8,0.37499999999999994,0.11249999999999998,5.384731268139882,0.17949104227132942,3.3427852020214135,20.79955236813324,2.1051868584985085,0.241875,0.35812499999999997,17.190680617788097,2.326842135535338,True,True,True,True,True,True
2.0,0.1,0.3,0.8,0.37499999999999994,0.11249999999999998,6.311031268139883,0.21036770893799608,2.8521487590894683,17.746703389890026,2.6658386867378785,0.241875,0.35812499999999997,17.190680617788097,2.326842135535338,True,True,True,True,True,True
2.0,0.2,0.3,0.8,0.37499999999999994,0.11249999999999998,7.237331268139883,0.24124437560466278,2.4871046153765883,15.47531760678766,3.234100898280903,0.241875,0.35812499999999997,17.190680617788097,2.326842135535338,True,True,True,True,True,True
2.0,0.3,0.3,0.8,0.37499999999999994,0.11249999999999998,8.163631268139882,0.27212104227132944,2.204901153515888,13.719384955209971,3.806202319750563,0.241875,0.35812499999999997,17.190680617788097,2.326842135535338,True,True,True,True,True,True
2.0,0.4,0.3,0.8,0.37499999999999994,0.11249999999999998,9.089931268139884,0.30299770893799616,1.9802129927087362,12.321325287965472,4.380259748372007,0.241875,0.35812499999999997,17.190680617788097,2.326842135535338,False,False,True,True,True,True
2.0,0.5,0.3,0.8,0.37499999999999994,0.11249999999999998,10.016231268139883,0.3338743756046628,1.7970831062233232,11.181850438722902,4.955203584165831,0.241875,0.35812499999999997,17.190680617788097,2.326842135535338,False,False,True,True,True,True
2.0,0.6,0.3,0.8,0.37499999999999994,0.11249999999999998,10.942531268139883,0.3647510422713295,1.6449576024889725,10.235291748820275,5.53035993695142,0.241875,0.35812499999999997,17.190680617788097,2.326842135535338,False,False,True,True,True,True
2.0,0.7,0.3,0.8,0.37499999999999994,0.11249999999999998,11.868831268139884,0.39562770893799615,1.5165772933615063,9.436480936471595,6.105265970679585,0.241875,0.35812499999999997,17.190680617788097,2.326842135535338,False,False,True,True,True,True
2.5,0.0,0.3,0.8,0.37499999999999994,0.11249999999999998,6.107574051720377,0.20358580172401256,2.9471603369147483,18.337886540802877,2.5849009641892255,0.241875,0.35812499999999997,17.190680617788097,2.326842135535338,True,True,True,True,True,True
2.5,0.1,0.3,0.8,0.37499999999999994,0.11249999999999998,7.033874051720376,0.23446246839067925,2.559044968341092,15.922946469677907,3.1525564196959737,0.241875,0.35812499999999997,17.190680617788097,2.326842135535338,True,True,True,True,True,True
2.5,0.2,0.3,0.8,0.37499999999999994,0.11249999999999998,7.960174051720377,0.2653391350573459,2.2612570884816,14.070044106107733,3.7244408476703383,0.241875,0.35812499999999997,17.190680617788097,2.326842135535338,True,True,True,True,True,True
2.5,0.3,0.3,0.8,0.37499999999999994,0.11249999999999998,8.886474051720377,0.2962158017240126,2.025550279586456,12.603423961871284,4.298489006333761,0.241875,0.35812499999999997,17.190680617788097,2.326842135535338,True,True,True,True,True,True
2.5,0.4,0.3,0.8,0.37499999999999994,0.11249999999999998,9.812774051720377,0.32709246839067924,1.8343436733717757,11.413693967646605,4.873547464688326,0.241875,0.35812499999999997,17.190680617788097,2.326842135535338,False,False,True,True,True,True
2.5,0.5,0.3,0.8,0.37499999999999994,0.11249999999999998,10.739074051720376,0.3579691350573459,1.6761221603753107,10.429204553446379,5.448899463720972,0.241875,0.35812499999999997,17.190680617788097,2.326842135535338,False,False,True,True,True,True
2.5,0.6,0.3,0.8,0.37499999999999994,0.11249999999999998,11.665374051720375,0.3888458017240125,1.5430281035305002,9.601063755300892,6.02405837032448,0.241875,0.35812499999999997,17.190680617788097,2.326842135535338,False,False,True,True,True,True
2.5,0.7,0.3,0.8,0.37499999999999994,0.11249999999999998,12.591674051720377,0.4197224683906793,1.429516037825065,8.894766457578184,6.598668327322964,0.241875,0.35812499999999997,17.190680617788097,2.326842135535338,False,False,True,True,True,True
3.0,0.0,0.3,0.8,0.37499999999999994,0.11249999999999998,6.829951719890396,0.22766505732967987,2.6354505475609504,16.39835896260147,3.0710897628238425,0.241875,0.35812499999999997,17.190680617788097,2.326842135535338,True,True,True,True,True,True
3.0,0.1,0.3,0.8,0.37499999999999994,0.11249999999999998,7.756251719890397,0.25854172399634656,2.320708590960268,14.439964565975002,3.6427578345858236,0.241875,0.35812499999999997,17.190680617788097,2.326842135535338,True,True,True,True,True,True
3.0,0.2,0.3,0.8,0.37499999999999994,0.11249999999999998,8.682551719890396,0.2894183906630132,2.0731232684470804,12.899433670337391,4.216816164845552,0.241875,0.35812499999999997,17.190680617788097,2.326842135535338,True,True,True,True,True,True
3.0,0.3,0.3,0.8,0.37499999999999994,0.11249999999999998,9.608851719890396,0.32029505732967983,1.8732727410851668,11.655919277863259,4.792017828391039,0.241875,0.35812499999999997,17.190680617788097,2.326842135535338,False,False,True,True,True,True
3.0,0.4,0.3,0.8,0.37499999999999994,0.11249999999999998,10.535151719890395,0.3511717239963465,1.7085658069846257,10.631076132348781,5.36759888155713,0.241875,0.35812499999999997,17.190680617788097,2.326842135535338,False,False,True,True,True,True
3.0,0.5,0.3,0.8,0.37499999999999994,0.11249999999999998,11.461451719890395,0.38204839066301316,1.5704816841624434,9.771886034788537,5.943046765676437,0.241875,0.35812499999999997,17.190680617788097,2.326842135535338,False,False,True,True,True,True
3.0,0.6,0.3,0.8,0.37499999999999994,0.11249999999999998,12.387751719890396,0.4129250573296798,1.4530481726638336,9.041188629908298,6.517990362302387,0.241875,0.35812499999999997,17.190680617788097,2.326842135535338,False,False,True,True,True,True
3.0,0.7,0.3,0.8,0.37499999999999994,0.11249999999999998,13.314051719890395,0.44380172399634654,1.351955090658772,8.412165008543472,7.092143344653572,0.241875,0.35812499999999997,17.190680617788097,2.326842135535338,False,False,True,True,True,True
3.5,0.0,0.3,0.8,0.37499999999999994,0.11249999999999998,7.551809260793714,0.2517269753597905,2.3835347766858392,14.830883054934112,3.561102316952278,0.241875,0.35812499999999997,17.190680617788097,2.326842135535338,True,True,True,True,True,True
3.5,0.1,0.3,0.8,0.37499999999999994,0.11249999999999998,8.478109260793715,0.28260364202645716,2.123114888745236,13.210492641081466,4.135188168538612,0.241875,0.35812499999999997,17.190680617788097,2.326842135535338,True,True,True,True,True,True
3.5,0.2,0.3,0.8,0.37499999999999994,0.11249999999999998,9.404409260793713,0.31348030869312377,1.9139958184338774,11.909307314699682,4.710560619411048,0.241875,0.35812499999999997,17.190680617788097,2.326842135535338,False,False,True,True,True,True
3.5,0.3,0.3,0.8,0.37499999999999994,0.11249999999999998,10.330709260793714,0.3443569753597905,1.7423779476896293,10.84146278562436,5.286403667157789,0.241875,0.35812499999999997,17.190680617788097,2.326842135535338,False,False,True,True,True,True
3.5,0.4,0.3,0.8,0.37499999999999994,0.11249999999999998,11.257009260793716,0.3752336420264572,1.5990037480639725,9.949356654620274,5.86217645326154,0.241875,0.35812499999999997,17.190680617788097,2.326842135535338,False,False,True,True,True,True
3.5,0.5,0.3,0.8,0.37499999999999994,0.11249999999999998,12.183309260793713,0.4061103086931238,1.4774310997689752,9.192904620784736,6.437491341476297,0.241875,0.35812499999999997,17.190680617788097,2.326842135535338,False,False,True,True,True,True
3.5,0.6,0.3,0.8,0.37499999999999994,0.11249999999999998,13.109609260793714,0.4369869753597905,1.373038634632059,8.543351504377258,7.012051771129905,0.241875,0.35812499999999997,17.190680617788097,2.326842135535338,False,False,True,True,True,True
3.5,0.7,0.3,0.8,0.37499999999999994,0.11249999999999998,14.035909260793716,0.46786364202645725,1.2824249334725406,7.979532919384698,7.585618369267766,0.241875,0.35812499999999997,17.190680617788097,2.326842135535338,False,False,True,True,True,True
4.0,0.0,0.3,0.8,0.37499999999999994,0.11249999999999998,8.273091702183804,0.2757697234061268,2.175728330830496,13.53786516961198,4.05355216167406,0.241875,0.35812499999999997,17.190680617788097,2.326842135535338,True,True,True,True,True,True
4.0,0.1,0.3,0.8,0.37499999999999994,0.11249999999999998,9.199391702183803,0.30664639007279343,1.9566511115867649,12.174718027650982,4.629121849805309,0.241875,0.35812499999999997,17.190680617788097,2.326842135535338,False,False,True,True,True,True
4.0,0.2,0.3,0.8,0.37499999999999994,0.11249999999999998,10.125691702183804,0.33752305673946015,1.777656334936402,11.06097275071539,5.2052593010153245,0.241875,0.35812499999999997,17.190680617788097,2.326842135535338,False,False,True,True,True,True
4.0,0.3,0.3,0.8,0.37499999999999994,0.11249999999999998,11.051991702183802,0.3683997234061267,1.6286657179124844,10.133920022566569,5.781392701546452,0.241875,0.35812499999999997,17.190680617788097,2.326842135535338,False,False,True,True,True,True
4.0,0.4,0.3,0.8,0.37499999999999994,0.11249999999999998,11.978291702183803,0.3992763900727935,1.5027184549795491,9.350248164317195,6.357116506634197,0.241875,0.35812499999999997,17.190680617788097,2.326842135535338,False,False,True,True,True,True
4.0,0.5,0.3,0.8,0.37499999999999994,0.11249999999999998,12.904591702183804,0.43015305673946014,1.3948523452279327,8.679081259196026,6.932123139647468,0.241875,0.35812499999999997,17.190680617788097,2.326842135535338,False,False,True,True,True,True
4.0,0.6,0.3,0.8,0.37499999999999994,0.11249999999999998,13.830891702183802,0.46102972340612675,1.3014345269696475,8.097814834477807,7.50616608093454,0.241875,0.35812499999999997,17.190680617788097,2.326842135535338,False,False,True,True,True,True
4.0,0.7,0.3,0.8,0.37499999999999994,0.11249999999999998,14.757191702183803,0.4919063900727935,1.2197442686426792,7.5895198937766715,8.07903876441177,0.241875,0.35812499999999997,17.190680617788097,2.326842135535338,False,False,True,True,True,True
4.5,0.0,0.3,0.8,0.37499999999999994,0.11249999999999998,8.993744115610195,0.29979147052033983,2.001391163526422,12.453100573053293,4.547647586182155,0.241875,0.35812499999999997,17.190680617788097,2.326842135535338,True,True,True,True,True,True
4.5,0.1,0.3,0.8,0.37499999999999994,0.11249999999999998,9.920044115610196,0.33066813718700655,1.8145080596642884,11.290272371244463,5.12411124463175,0.241875,0.35812499999999997,17.190680617788097,2.326842135535338,False,False,True,True,True,True
4.5,0.2,0.3,0.8,0.37499999999999994,0.11249999999999998,10.846344115610195,0.3615448038536732,1.65954535538792,10.326059989080393,5.70064072339906,0.241875,0.35812499999999997,17.190680617788097,2.326842135535338,False,False,True,True,True,True
4.5,0.3,0.3,0.8,0.37499999999999994,0.11249999999999998,11.772644115610195,0.3924214705203399,1.5289683288848004,9.51358071306098,6.276811026327254,0.241875,0.35812499999999997,17.190680617788097,2.326842135535338,False,False,True,True,True,True
4.5,0.4,0.3,0.8,0.37499999999999994,0.11249999999999998,12.698944115610194,0.4232981371870065,1.417440681377082,8.819630906346289,6.8523027009972965,0.241875,0.35812499999999997,17.190680617788097,2.326842135535338,False,False,True,True,True,True
4.5,0.5,0.3,0.8,0.37499999999999994,0.11249999999999998,13.625244115610196,0.45417480385367326,1.321077248030934,8.220036209970258,7.42686157090453,0.241875,0.35812499999999997,17.190680617788097,2.326842135535338,False,False,True,True,True,True
4.5,0.6,0.3,0.8,0.37499999999999994,0.11249999999999998,14.551544115610193,0.4850514705203398,1.2369821276004975,7.696777682847541,8.000275886505497,0.241875,0.35812499999999997,17.190680617788097,2.326842135535338,False,False,True,True,True,True
4.5,0.7,0.3,0.8,0.37499999999999994,0.11249999999999998,15.477844115610194,0.5159281371870065,1.1629526609488257,7.236149890348249,8.572362728132651,0.241875,0.35812499999999997,17.190680617788097,2.326842135535338,False,False,True,True,True,True
5.0,0.0,0.3,0.8,0.37499999999999994,0.11249999999999998,9.713711620601487,0.3237903873533829,1.8530506878363981,11.530093168759812,5.042904919042544,0.241875,0.35812499999999997,17.190680617788097,2.326842135535338,False,False,True,True,True,True
5.0,0.1,0.3,0.8,0.37499999999999994,0.11249999999999998,10.640011620601486,0.35466705402004955,1.6917274756681562,10.526304293046305,5.619865649134989,0.241875,0.35812499999999997,17.190680617788097,2.326842135535338,False,False,True,True,True,True
5.0,0.2,0.3,0.8,0.37499999999999994,0.11249999999999998,11.566311620601486,0.38554372068671616,1.5562437352923353,9.683294352930087,6.196519966020826,0.241875,0.35812499999999997,17.190680617788097,2.326842135535338,False,False,True,True,True,True
5.0,0.3,0.3,0.8,0.37499999999999994,0.11249999999999998,12.492611620601485,0.4164203873533829,1.4408516446886346,8.96529912250706,6.772535594124374,0.241875,0.35812499999999997,17.190680617788097,2.326842135535338,False,False,True,True,True,True
5.0,0.4,0.3,0.8,0.37499999999999994,0.11249999999999998,13.418911620601486,0.44729705402004954,1.3413904576556985,8.346429514302125,7.347650142495023,0.241875,0.35812499999999997,17.190680617788097,2.326842135535338,False,False,True,True,True,True
5.0,0.5,0.3,0.8,0.37499999999999994,0.11249999999999998,14.345211620601486,0.4781737206867162,1.2547740999616757,7.807483288650427,7.9216463308595655,0.241875,0.35812499999999997,17.190680617788097,2.326842135535338,False,False,True,True,True,True
5.0,0.6,0.3,0.8,0.37499999999999994,0.11249999999999998,15.271511620601485,0.5090503873533829,1.178665245928749,7.333917085778884,8.494337341892225,0.241875,0.35812499999999997,17.190680617788097,2.326842135535338,False,False,True,True,True,True
5.0,0.7,0.3,0.8,0.37499999999999994,0.11249999999999998,16.197811620601485,0.5399270540200495,1.1112612259983545,6.914514295100873,9.065557801907175,0.241875,0.35812499999999997,17.190680617788097,2.326842135535338,False,False,True,True,True,True
5.5,0.0,0.3,0.8,0.37499999999999994,0.11249999999999998,10.432939388844705,0.34776464629482357,1.7253047611151924,10.735229624716755,5.539012500244298,0.241875,0.35812499999999997,17.190680617788097,2.326842135535338,False,False,True,True,True,True
5.5,0.1,0.3,0.8,0.37499999999999994,0.11249999999999998,11.359239388844706,0.37864131296149023,1.5846131403548747,9.859815095541444,6.116188258492273,0.241875,0.35812499999999997,17.190680617788097,2.326842135535338,False,False,True,True,True,True
5.5,0.2,0.3,0.8,0.37499999999999994,0.11249999999999998,12.285539388844704,0.40951797962815684,1.4651371364568686,9.116408849064962,6.692766814721249,0.241875,0.35812499999999997,17.190680617788097,2.326842135535338,False,False,True,True,True,True
5.5,0.3,0.3,0.8,0.37499999999999994,0.11249999999999998,13.211839388844705,0.4403946462948235,1.362414382300025,8.477245045422379,7.268476952866293,0.241875,0.35812499999999997,17.190680617788097,2.326842135535338,False,False,True,True,True,True
5.5,0.4,0.3,0.8,0.37499999999999994,0.11249999999999998,14.138139388844706,0.4712713129614903,1.2731519689360526,7.921834473379884,7.843095484378324,0.241875,0.35812499999999997,17.190680617788097,2.326842135535338,False,False,True,True,True,True
5.5,0.5,0.3,0.8,0.37499999999999994,0.11249999999999998,15.064439388844704,0.5021479796281568,1.194866900478825,7.434727380757135,8.416431448374743,0.241875,0.35812499999999997,17.190680617788097,2.326842135535338,False,False,True,True,True,True
5.5,0.6,0.3,0.8,0.37499999999999994,0.11249999999999998,15.990739388844705,0.5330246462948235,1.1256515138103604,7.00405386370891,8.988316436839002,0.241875,0.35812499999999997,17.190680617788097,2.326842135535338,False,False,True,True,True,True
5.5,0.7,0.3,0.8,0.37499999999999994,0.11249999999999998,16.917039388844703,0.5639013129614902,1.0640159655754784,6.620543785802978,9.558598460244179,0.241875,0.35812499999999997,17.190680617788097,2.326842135535338,False,False,True,True,True,True
6.0,0.0,0.3,0.8,0.37499999999999994,0.11249999999999998,11.151372648360697,0.3717124216120233,1.6141510617211845,10.04360660626515,6.035760674521458,0.241875,0.35812499999999997,17.190680617788097,2.326842135535338,False,False,True,True,True,True
6.0,0.1,0.3,0.8,0.37499999999999994,0.11249999999999998,12.077672648360696,0.4025890882786899,1.4903533589679747,9.273309789134066,6.61294118383815,0.241875,0.35812499999999997,17.190680617788097,2.326842135535338,False,False,True,True,True,True
6.0,0.2,0.3,0.8,0.37499999999999994,0.11249999999999998,13.003972648360698,0.43346575494535666,1.384192391566519,8.61275265863612,7.189286980501878,0.241875,0.35812499999999997,17.190680617788097,2.326842135535338,False,False,True,True,True,True
6.0,0.3,0.3,0.8,0.37499999999999994,0.11249999999999998,13.930272648360697,0.4643424216120232,1.2921498705998569,8.040043639287997,7.76456855644966,0.241875,0.35812499999999997,17.190680617788097,2.326842135535338,False,False,True,True,True,True
6.0,0.4,0.3,0.8,0.37499999999999994,0.11249999999999998,14.856572648360697,0.49521908827868993,1.211584961487477,7.538750871477635,8.338590541220725,0.241875,0.35812499999999997,17.190680617788097,2.326842135535338,False,False,True,True,True,True
6.0,0.5,0.3,0.8,0.37499999999999994,0.11249999999999998,15.782872648360696,0.5260957549453565,1.1404767941195793,7.096300052299604,8.911181311787017,0.241875,0.35812499999999997,17.190680617788097,2.326842135535338,False,False,True,True,True,True
6.0,0.6,0.3,0.8,0.37499999999999994,0.11249999999999998,16.7091726483607,0.5569724216120233,1.0772526191933232,6.7029051860917885,9.482186436252524,0.241875,0.35812499999999997,17.190680617788097,2.326842135535338,False,False,True,True,True,True
6.0,0.7,0.3,0.8,0.37499999999999994,0.11249999999999998,17.635472648360697,0.58784908827869,1.0206701208925741,6.350836307776018,10.051464410340817,0.241875,0.35812499999999997,17.190680617788097,2.326842135535338,False,False,True,True,True,True
6.5,0.0,0.3,0.8,0.37499999999999994,0.11249999999999998,11.868956687675222,0.3956318895891741,1.5165612676547449,9.436381220962858,6.53300331652871,0.241875,0.35812499999999997,17.190680617788097,2.326842135535338,False,False,True,True,True,True
6.5,0.1,0.3,0.8,0.37499999999999994,0.11249999999999998,12.795256687675222,0.4265085562558408,1.4067713090381486,8.753243700681814,7.110024992541003,0.241875,0.35812499999999997,17.190680617788097,2.326842135535338,False,False,True,True,True,True
6.5,0.2,0.3,0.8,0.37499999999999994,0.11249999999999998,13.721556687675223,0.45738522292250744,1.3118045138542989,8.162339197315637,7.686010545586155,0.241875,0.35812499999999997,17.190680617788097,2.326842135535338,False,False,True,True,True,True
6.5,0.3,0.3,0.8,0.37499999999999994,0.11249999999999998,14.647856687675223,0.4882618895891741,1.2288487240010537,7.646169838228779,8.260759907320388,0.241875,0.35812499999999997,17.190680617788097,2.326842135535338,False,False,True,True,True,True
6.5,0.4,0.3,0.8,0.37499999999999994,0.11249999999999998,15.574156687675222,0.5191385562558408,1.155760813312254,7.191400616165138,8.834098045143275,0.241875,0.35812499999999997,17.190680617788097,2.326842135535338,False,False,True,True,True,True
6.5,0.5,0.3,0.8,0.37499999999999994,0.11249999999999998,16.50045668767522,0.5500152229225074,1.090878897518324,6.787690917891793,9.405867947305616,0.241875,0.35812499999999997,17.190680617788097,2.326842135535338,False,False,True,True,True,True
6.5,0.6,0.3,0.8,0.37499999999999994,0.11249999999999998,17.42675668767522,0.580891889589174,1.032894434839398,6.426898705667367,9.975926080292929,0.241875,0.35812499999999997,17.190680617788097,2.326842135535338,False,False,True,True,True,True
6.5,0.7,0.3,0.8,0.37499999999999994,0.11249999999999998,18.35305668767522,0.6117685562558407,0.9807630579644908,6.102525694001277,10.544139369395126,0.241875,0.35812499999999997,17.190680617788097,2.326842135535338,False,False,True,True,True,True
7.0,0.0,0.3,0.8,0.37499999999999994,0.11249999999999998,12.585636859985444,0.41952122866618147,1.4302017609636337,8.899033179329276,7.030635511964172,0.241875,0.35812499999999997,17.190680617788097,2.326842135535338,False,False,True,True,True,True
7.0,0.1,0.3,0.8,0.37499999999999994,0.11249999999999998,13.511936859985443,0.45039789533284813,1.3321554257188404,8.288967093361673,7.607366205792959,0.241875,0.35812499999999997,17.190680617788097,2.326842135535338,False,False,True,True,True,True
7.0,0.2,0.3,0.8,0.37499999999999994,0.11249999999999998,14.438236859985444,0.4812745619995148,1.2466896183069092,7.75717984724299,8.182884592789012,0.241875,0.35812499999999997,17.190680617788097,2.326842135535338,False,False,True,True,True,True
7.0,0.3,0.3,0.8,0.37499999999999994,0.11249999999999998,15.364536859985444,0.5121512286661815,1.1715289672595477,7.2895135740594075,8.75701202091833,0.241875,0.35812499999999997,17.190680617788097,2.326842135535338,False,False,True,True,True,True
7.0,0.4,0.3,0.8,0.37499999999999994,0.11249999999999998,16.290836859985443,0.5430278953328481,1.1049156132802918,6.875030482632927,9.329588751182746,0.241875,0.35812499999999997,17.190680617788097,2.326842135535338,False,False,True,True,True,True
7.0,0.5,0.3,0.8,0.37499999999999994,0.11249999999999998,17.217136859985445,0.5739045619995149,1.0454699957595164,6.505146640281437,9.900469112699845,0.241875,0.35812499999999997,17.190680617788097,2.326842135535338,False,False,True,True,True,True
7.0,0.6,0.3,0.8,0.37499999999999994,0.11249999999999998,18.143436859985442,0.6047812286661814,0.9920942839500388,6.173031100133575,10.46951829415406,0.241875,0.35812499999999997,17.190680617788097,2.326842135535338,False,False,True,True,True,True
7.0,0.7,0.3,0.8,0.37499999999999994,0.11249999999999998,19.069736859985444,0.6356578953328481,0.9439039527477643,5.873180150430533,11.036610170147878,0.241875,0.35812499999999997,17.190680617788097,2.326842135535338,False,False,True,True,True,True
7.5,0.0,0.3,0.8,0.37499999999999994,0.11249999999999998,13.301358587321504,0.44337861957738345,1.3532452254281089,8.4201925137749,7.528580012651234,0.241875,0.35812499999999997,17.190680617788097,2.326842135535338,False,False,True,True,True,True
7.5,0.1,0.3,0.8,0.37499999999999994,0.11249999999999998,14.227658587321503,0.4742552862440501,1.265141406755437,7.871990975367163,8.104909368568023,0.241875,0.35812499999999997,17.190680617788097,2.326842135535338,False,False,True,True,True,True
7.5,0.2,0.3,0.8,0.37499999999999994,0.11249999999999998,15.153958587321505,0.5051319529107169,1.1878084459765925,7.3908081082988,8.679868354162407,0.241875,0.35812499999999997,17.190680617788097,2.326842135535338,False,False,True,True,True,True
7.5,0.3,0.3,0.8,0.37499999999999994,0.11249999999999998,16.080258587321502,0.5360086195773834,1.1193849839076666,6.9650621220921485,9.253294344913494,0.241875,0.35812499999999997,17.190680617788097,2.326842135535338,False,False,True,True,True,True
7.5,0.4,0.3,0.8,0.37499999999999994,0.11249999999999998,17.006558587321503,0.5668852862440502,1.0584151936194257,6.585694538076428,9.825039417126417,0.241875,0.35812499999999997,17.190680617788097,2.326842135535338,False,False,True,True,True,True
7.5,0.5,0.3,0.8,0.37499999999999994,0.11249999999999998,17.9328585873215,0.5977619529107168,1.0037440440603242,6.245518496375352,10.394966935156303,0.241875,0.35812499999999997,17.190680617788097,2.326842135535338,False,False,True,True,True,True
7.5,0.6,0.3,0.8,0.37499999999999994,0.11249999999999998,18.859158587321502,0.6286386195773834,0.9544434295229326,5.938759117031581,10.962949246868405,0.241875,0.35812499999999997,17.190680617788097,2.326842135535338,False,False,True,True,True,True
7.5,0.7,0.3,0.8,0.37499999999999994,0.11249999999999998,19.7854585873215,0.6595152862440501,0.909759049584748,5.660722975193988,11.528866096322728,0.241875,0.35812499999999997,17.190680617788097,2.326842135535338,False,False,True,True,True,True
8.0,0.0,0.3,0.8,0.37499999999999994,0.11249999999999998,14.016067364702838,0.4672022454900946,1.284240402934281,7.990829173813305,8.026778695632023,0.241875,0.35812499999999997,17.190680617788097,2.326842135535338,False,False,True,True,True,True
8.0,0.1,0.3,0.8,0.37499999999999994,0.11249999999999998,14.942367364702838,0.49807891215676126,1.2046283939263844,7.495465562208614,8.6026118559273,0.241875,0.35812499999999997,17.190680617788097,2.326842135535338,False,False,True,True,True,True
8.0,0.2,0.3,0.8,0.37499999999999994,0.11249999999999998,15.868667364702839,0.528955578823428,1.13431075126308,7.057933563414721,9.176929929717563,0.241875,0.35812499999999997,17.190680617788097,2.326842135535338,False,False,True,True,True,True
8.0,0.3,0.3,0.8,0.37499999999999994,0.11249999999999998,16.79496736470284,0.5598322454900946,1.0717496264880944,6.668664342592587,9.74958261705774,0.241875,0.35812499999999997,17.190680617788097,2.326842135535338,False,False,True,True,True,True
8.0,0.4,0.3,0.8,0.37499999999999994,0.11249999999999998,17.72126736470284,0.5907089121567614,1.0157287077476376,6.320089737096413,10.320431364678363,0.241875,0.35812499999999997,17.190680617788097,2.326842135535338,False,False,True,True,True,True
8.0,0.5,0.3,0.8,0.37499999999999994,0.11249999999999998,18.647567364702837,0.6215855788234279,0.9652733596807598,6.006145349124727,10.889346920459458,0.241875,0.35812499999999997,17.190680617788097,2.326842135535338,False,False,True,True,True,True
8.0,0.6,0.3,0.8,0.37499999999999994,0.11249999999999998,19.57386736470284,0.6524622454900947,0.9195934387733227,5.721914730145119,11.456207653811171,0.241875,0.35812499999999997,17.190680617788097,2.326842135535338,False,False,True,True,True,True
8.0,0.7,0.3,0.8,0.37499999999999994,0.11249999999999998,20.500167364702836,0.6833389121567612,0.8780416120403182,5.463370030473091,12.020898381893923,0.241875,0.35812499999999997,17.190680617788097,2.326842135535338,False,False,True,False,True,True
